ssid,bssid,rssi,noise,channel,time_utc,location
The Cloud,6c:d6:e3:64:75:6c,-55,-93,132,12:47:59,6.02
eduroam,6c:d6:e3:64:75:6f,-55,-93,132,12:47:59,6.02
kcldevnet,6c:d6:e3:64:80:18,-77,-92,161,12:47:59,6.02
SLaMFT,6c:d6:e3:63:28:1b,-68,-92,153,12:47:59,6.02
eduroam,6c:d6:e3:64:80:1f,-77,-92,161,12:47:59,6.02
PLOCAL,6c:d6:e3:64:75:65,-43,-90,11,12:47:59,6.02
kcldevnet,6c:d6:e3:5d:a5:58,-73,-92,64,12:47:59,6.02
PLOCAL,6c:d6:e3:63:28:1a,-68,-92,153,12:47:59,6.02
kcldevnet,6c:d6:e3:64:54:f8,-90,-92,56,12:47:59,6.02
kcldevnet,6c:d6:e3:63:28:18,-68,-92,153,12:47:59,6.02
KINGSWAP,6c:d6:e3:64:75:6d,-55,-93,132,12:47:59,6.02
eduroam,6c:d6:e3:63:94:70,-60,-90,1,12:47:59,6.02
SLaMFT,6c:d6:e3:64:4d:4b,-72,-95,36,12:47:59,6.02
KINGSWAP,6c:d6:e3:62:41:dd,-46,-92,161,12:47:59,6.02
PLOCAL,6c:d6:e3:61:b6:3a,-92,-92,112,12:47:59,6.02
SLaMFT,6c:d6:e3:61:b6:3b,-93,-92,112,12:47:59,6.02
SLaMFT,6c:d6:e3:62:41:db,-46,-92,161,12:47:59,6.02
govroam,6c:d6:e3:61:b6:3e,-93,-92,112,12:47:59,6.02
The Cloud,6c:d6:e3:63:8e:a3,-72,-90,11,12:47:59,6.02
SLaMFT,6c:d6:e3:64:75:6b,-55,-93,132,12:47:59,6.02
KINGSWAP,6c:d6:e3:05:49:dd,-67,-92,112,12:47:59,6.02
KINGSWAP,6c:d6:e3:64:4d:4d,-72,-95,36,12:47:59,6.02
The Cloud,6c:d6:e3:62:41:dc,-46,-92,161,12:47:59,6.02
KINGSWAP,6c:d6:e3:63:28:1d,-68,-92,153,12:47:59,6.02
PLOCAL,6c:d6:e3:64:54:fa,-91,-92,56,12:47:59,6.02
PLOCAL,6c:d6:e3:64:75:6a,-55,-93,132,12:47:59,6.02
PLOCAL,6c:d6:e3:05:49:da,-67,-92,112,12:47:59,6.02
The Cloud,6c:d6:e3:61:b6:3c,-93,-92,112,12:47:59,6.02
PLOCAL,6c:d6:e3:64:80:1a,-77,-92,161,12:47:59,6.02
KINGSWAP,6c:d6:e3:5d:a5:5d,-73,-92,64,12:47:59,6.02
The Cloud,6c:d6:e3:64:4d:4c,-72,-95,36,12:47:59,6.02
kcldevnet,6c:d6:e3:64:4d:48,-72,-95,36,12:47:59,6.02
govroam,6c:d6:e3:64:54:fe,-90,-92,56,12:47:59,6.02
govroam,6c:d6:e3:63:94:71,-60,-90,1,12:47:59,6.02
SLaMFT,6c:d6:e3:5c:8c:1b,-67,-92,44,12:47:59,6.02
SLaMFT,6c:d6:e3:64:54:fb,-90,-92,56,12:47:59,6.02
govroam,6c:d6:e3:62:41:de,-47,-92,161,12:47:59,6.02
kcldevnet,6c:d6:e3:64:75:68,-55,-93,132,12:47:59,6.02
The Cloud,6c:d6:e3:5d:a5:5c,-73,-92,64,12:47:59,6.02
govroam,6c:d6:e3:64:75:6e,-55,-93,132,12:47:59,6.02
PLOCAL,6c:d6:e3:64:4d:4a,-72,-95,36,12:47:59,6.02
The Cloud,6c:d6:e3:64:80:1c,-77,-92,161,12:47:59,6.02
eduroam,6c:d6:e3:63:94:7f,-72,-92,100,12:47:59,6.02
eduroam,6c:d6:e3:64:4d:4f,-72,-95,36,12:47:59,6.02
kcldevnet,6c:d6:e3:62:41:d8,-46,-92,161,12:47:59,6.02
eduroam,6c:d6:e3:62:41:df,-46,-92,161,12:47:59,6.02
SLaMFT,6c:d6:e3:63:8e:a4,-72,-90,11,12:47:59,6.02
SLaMFT,6c:d6:e3:5d:a5:5b,-73,-92,64,12:47:59,6.02
kcldevnet,6c:d6:e3:63:94:78,-72,-92,100,12:47:59,6.02
SLaMFT,6c:d6:e3:64:75:64,-43,-90,11,12:47:59,6.02
KINGSWAP,6c:d6:e3:63:8c:6d,-89,-92,44,12:47:59,6.02
kcldevnet,6c:d6:e3:61:b6:38,-92,-92,112,12:47:59,6.02
PLOCAL,6c:d6:e3:62:41:da,-46,-92,161,12:47:59,6.02
KINGSWAP,6c:d6:e3:5c:8c:1d,-66,-92,44,12:47:59,6.02
eduroam,6c:d6:e3:64:75:60,-44,-90,11,12:47:59,6.02
The Cloud,6c:d6:e3:05:49:dc,-67,-92,112,12:47:59,6.02
SLaMFT,6c:d6:e3:64:80:1b,-77,-92,161,12:47:59,6.02
govroam,6c:d6:e3:5d:a5:5e,-73,-92,64,12:47:59,6.02
The Cloud,6c:d6:e3:63:28:1c,-68,-92,153,12:47:59,6.02
The Cloud,6c:d6:e3:64:75:63,-43,-90,11,12:47:59,6.02
The Cloud,6c:d6:e3:5c:8c:1c,-66,-92,44,12:47:59,6.02
govroam,6c:d6:e3:5c:8c:1e,-67,-92,44,12:47:59,6.02
eduroam,6c:d6:e3:5c:8c:1f,-66,-95,44,12:47:59,6.02
kcldevnet,6c:d6:e3:05:49:d8,-67,-92,112,12:47:59,6.02
kcldevnet,6c:d6:e3:5c:8c:18,-66,-92,44,12:47:59,6.02
KINGSWAP,6c:d6:e3:63:94:7d,-72,-92,100,12:47:59,6.02
govroam,6c:d6:e3:05:49:de,-67,-92,112,12:47:59,6.02
SLaMFT,6c:d6:e3:63:94:7b,-72,-92,100,12:47:59,6.02
eduroam,6c:d6:e3:61:b6:3f,-93,-92,112,12:47:59,6.02
KINGSWAP,6c:d6:e3:61:b6:3d,-93,-92,112,12:47:59,6.02
PLOCAL,6c:d6:e3:63:94:7a,-72,-92,100,12:47:59,6.02
govroam,6c:d6:e3:63:8c:6e,-89,-92,44,12:47:59,6.02
govroam,6c:d6:e3:64:75:61,-43,-90,11,12:47:59,6.02
govroam,6c:d6:e3:64:4d:4e,-72,-95,36,12:47:59,6.02
eduroam,6c:d6:e3:05:49:df,-67,-92,112,12:47:59,6.02
govroam,6c:d6:e3:63:94:7e,-72,-92,100,12:47:59,6.02
KINGSWAP,6c:d6:e3:64:54:fd,-90,-92,56,12:47:59,6.02
PLOCAL,6c:d6:e3:5c:8c:1a,-66,-92,44,12:47:59,6.02
govroam,6c:d6:e3:63:28:1e,-68,-92,153,12:47:59,6.02
eduroam,6c:d6:e3:63:28:1f,-68,-92,153,12:47:59,6.02
PLOCAL,6c:d6:e3:63:8e:a5,-72,-90,11,12:47:59,6.02
The Cloud,6c:d6:e3:64:54:fc,-90,-92,56,12:47:59,6.02
The Cloud,6c:d6:e3:63:94:7c,-72,-92,100,12:47:59,6.02
KINGSWAP,6c:d6:e3:64:80:1d,-77,-92,161,12:47:59,6.02
PLOCAL,6c:d6:e3:5d:a5:5a,-73,-92,64,12:47:59,6.02
eduroam,6c:d6:e3:64:54:ff,-90,-92,56,12:47:59,6.02
eduroam,6c:d6:e3:5d:a5:5f,-73,-92,64,12:47:59,6.02
eduroam,6c:d6:e3:5d:a5:5f,-73,-95,64,12:49:10,6.02
govroam,6c:d6:e3:62:41:de,-48,-95,161,12:49:10,6.02
The Cloud,6c:d6:e3:64:75:6c,-57,-94,132,12:49:10,6.02
eduroam,6c:d6:e3:64:75:6f,-57,-94,132,12:49:10,6.02
govroam,6c:d6:e3:63:94:7e,-73,-95,100,12:49:10,6.02
kcldevnet,6c:d6:e3:5c:8c:18,-67,-95,44,12:49:10,6.02
SLaMFT,6c:d6:e3:63:28:1b,-66,-95,153,12:49:10,6.02
PLOCAL,6c:d6:e3:5d:a5:5a,-73,-95,64,12:49:10,6.02
PLOCAL,6c:d6:e3:64:80:1a,-79,-95,161,12:49:10,6.02
KINGSWAP,6c:d6:e3:5d:a5:5d,-73,-95,64,12:49:10,6.02
PLOCAL,6c:d6:e3:64:4d:4a,-70,-95,36,12:49:10,6.02
eduroam,6c:d6:e3:05:49:df,-65,-92,112,12:49:10,6.02
The Cloud,6c:d6:e3:64:4d:4c,-70,-95,36,12:49:10,6.02
KINGSWAP,6c:d6:e3:64:75:6d,-57,-94,132,12:49:10,6.02
kcldevnet,6c:d6:e3:62:41:d8,-48,-95,161,12:49:10,6.02
PLOCAL,6c:d6:e3:64:75:65,-44,-88,11,12:49:10,6.02
SLaMFT,6c:d6:e3:64:75:64,-44,-88,11,12:49:10,6.02
kcldevnet,6c:d6:e3:64:80:18,-79,-95,161,12:49:10,6.02
PLOCAL,6c:d6:e3:63:94:7a,-73,-95,100,12:49:10,6.02
KINGSWAP,6c:d6:e3:64:80:1d,-79,-95,161,12:49:10,6.02
PLOCAL,6c:d6:e3:05:49:da,-65,-92,112,12:49:10,6.02
The Cloud,6c:d6:e3:64:80:1c,-79,-95,161,12:49:10,6.02
kcldevnet,6c:d6:e3:63:28:18,-66,-95,153,12:49:10,6.02
SLaMFT,6c:d6:e3:05:49:db,-65,-92,112,12:49:10,6.02
The Cloud,6c:d6:e3:63:28:1c,-66,-95,153,12:49:10,6.02
PLOCAL,6c:d6:e3:63:94:75,-59,-88,1,12:49:10,6.02
SLaMFT,6c:d6:e3:63:94:7b,-73,-95,100,12:49:10,6.02
govroam,6c:d6:e3:5c:8c:1e,-67,-95,44,12:49:10,6.02
KINGSWAP,6c:d6:e3:63:28:1d,-66,-95,153,12:49:10,6.02
The Cloud,6c:d6:e3:64:75:63,-44,-88,11,12:49:10,6.02
govroam,6c:d6:e3:64:75:61,-44,-88,11,12:49:10,6.02
kcldevnet,6c:d6:e3:63:94:78,-73,-95,100,12:49:10,6.02
govroam,6c:d6:e3:64:80:1e,-79,-95,161,12:49:10,6.02
eduroam,6c:d6:e3:64:4d:4f,-70,-95,36,12:49:10,6.02
KINGSWAP,6c:d6:e3:63:94:7d,-73,-95,100,12:49:10,6.02
The Cloud,6c:d6:e3:63:94:7c,-73,-95,100,12:49:10,6.02
PLOCAL,6c:d6:e3:5c:8c:1a,-67,-95,44,12:49:10,6.02
SLaMFT,6c:d6:e3:5d:a5:5b,-73,-95,64,12:49:10,6.02
kcldevnet,6c:d6:e3:5d:a5:58,-73,-95,64,12:49:10,6.02
kcldevnet,6c:d6:e3:64:4d:48,-70,-95,36,12:49:10,6.02
KINGSWAP,6c:d6:e3:62:41:dd,-48,-95,161,12:49:10,6.02
eduroam,6c:d6:e3:5c:8c:1f,-67,-95,44,12:49:10,6.02
govroam,6c:d6:e3:63:28:1e,-66,-95,153,12:49:10,6.02
SLaMFT,6c:d6:e3:62:41:db,-48,-95,161,12:49:10,6.02
KINGSWAP,6c:d6:e3:05:49:dd,-65,-92,112,12:49:10,6.02
KINGSWAP,6c:d6:e3:5c:8c:1d,-67,-95,44,12:49:10,6.02
eduroam,6c:d6:e3:62:41:df,-50,-95,161,12:49:10,6.02
eduroam,6c:d6:e3:63:94:70,-59,-88,1,12:49:10,6.02
PLOCAL,6c:d6:e3:64:75:6a,-57,-94,132,12:49:10,6.02
kcldevnet,6c:d6:e3:64:75:68,-57,-94,132,12:49:10,6.02
The Cloud,6c:d6:e3:5c:8c:1c,-67,-95,44,12:49:10,6.02
kcldevnet,6c:d6:e3:05:49:d8,-65,-92,112,12:49:10,6.02
PLOCAL,6c:d6:e3:62:41:da,-48,-95,161,12:49:10,6.02
SLaMFT,6c:d6:e3:64:75:6b,-57,-94,132,12:49:10,6.02
govroam,6c:d6:e3:64:4d:4e,-70,-95,36,12:49:10,6.02
eduroam,6c:d6:e3:63:94:7f,-73,-95,100,12:49:10,6.02
SLaMFT,6c:d6:e3:64:80:1b,-79,-95,161,12:49:10,6.02
The Cloud,6c:d6:e3:05:49:dc,-65,-92,112,12:49:10,6.02
eduroam,6c:d6:e3:64:80:1f,-79,-95,161,12:49:10,6.02
eduroam,6c:d6:e3:63:28:1f,-66,-95,153,12:49:10,6.02
PLOCAL,6c:d6:e3:63:28:1a,-66,-95,153,12:49:10,6.02
govroam,6c:d6:e3:64:75:6e,-57,-94,132,12:49:10,6.02
SLaMFT,6c:d6:e3:64:4d:4b,-70,-95,36,12:49:10,6.02
The Cloud,6c:d6:e3:63:94:73,-60,-88,1,12:49:10,6.02
The Cloud,6c:d6:e3:62:41:dc,-48,-95,161,12:49:10,6.02
govroam,6c:d6:e3:05:49:de,-65,-92,112,12:49:10,6.02
govroam,6c:d6:e3:5d:a5:5e,-73,-95,64,12:49:10,6.02
SLaMFT,6c:d6:e3:63:94:74,-59,-88,1,12:49:10,6.02
KINGSWAP,6c:d6:e3:64:4d:4d,-70,-95,36,12:49:10,6.02
eduroam,6c:d6:e3:64:75:60,-44,-88,11,12:49:10,6.02
SLaMFT,6c:d6:e3:5c:8c:1b,-67,-95,44,12:49:10,6.02
eduroam,6c:d6:e3:5d:a5:5f,-76,-92,64,12:49:59,6.02
govroam,6c:d6:e3:62:41:de,-60,-97,161,12:49:59,6.02
The Cloud,6c:d6:e3:64:75:6c,-53,-94,132,12:49:59,6.02
eduroam,6c:d6:e3:64:75:6f,-53,-94,132,12:49:59,6.02
govroam,6c:d6:e3:63:94:7e,-71,-92,100,12:49:59,6.02
KINGSWAP,6c:d6:e3:5d:a5:5d,-77,-92,64,12:49:59,6.02
SLaMFT,6c:d6:e3:63:28:1b,-63,-96,153,12:49:59,6.02
kcldevnet,6c:d6:e3:5c:8c:18,-67,-97,44,12:49:59,6.02
PLOCAL,6c:d6:e3:64:80:1a,-74,-97,161,12:49:59,6.02
kcldevnet,6c:d6:e3:64:54:f8,-90,-95,56,12:49:59,6.02
PLOCAL,6c:d6:e3:5d:a5:5a,-77,-92,64,12:49:59,6.02
eduroam,6c:d6:e3:05:49:df,-69,-91,112,12:49:59,6.02
KINGSWAP,6c:d6:e3:64:75:6d,-53,-94,132,12:49:59,6.02
kcldevnet,6c:d6:e3:62:41:d8,-58,-97,161,12:49:59,6.02
kcldevnet,6c:d6:e3:64:80:18,-74,-97,161,12:49:59,6.02
PLOCAL,6c:d6:e3:63:94:7a,-71,-92,100,12:49:59,6.02
KINGSWAP,6c:d6:e3:64:80:1d,-74,-97,161,12:49:59,6.02
PLOCAL,6c:d6:e3:05:49:da,-69,-91,112,12:49:59,6.02
The Cloud,6c:d6:e3:64:80:1c,-74,-97,161,12:49:59,6.02
kcldevnet,6c:d6:e3:63:28:18,-63,-96,153,12:49:59,6.02
The Cloud,6c:d6:e3:64:54:fc,-90,-95,56,12:49:59,6.02
SLaMFT,6c:d6:e3:05:49:db,-69,-91,112,12:49:59,6.02
KINGSWAP,6c:d6:e3:64:54:fd,-90,-95,56,12:49:59,6.02
PLOCAL,6c:d6:e3:63:94:75,-56,-88,1,12:49:59,6.02
The Cloud,6c:d6:e3:63:28:1c,-63,-96,153,12:49:59,6.02
SLaMFT,6c:d6:e3:63:94:7b,-71,-92,100,12:49:59,6.02
KINGSWAP,6c:d6:e3:63:28:1d,-63,-96,153,12:49:59,6.02
eduroam,6c:d6:e3:64:54:ff,-90,-95,56,12:49:59,6.02
govroam,6c:d6:e3:64:54:fe,-90,-95,56,12:49:59,6.02
kcldevnet,6c:d6:e3:63:94:78,-71,-92,100,12:49:59,6.02
govroam,6c:d6:e3:64:80:1e,-74,-97,161,12:49:59,6.02
KINGSWAP,6c:d6:e3:63:94:7d,-71,-92,100,12:49:59,6.02
The Cloud,6c:d6:e3:63:94:7c,-71,-92,100,12:49:59,6.02
PLOCAL,6c:d6:e3:5c:8c:1a,-68,-97,44,12:49:59,6.02
SLaMFT,6c:d6:e3:5d:a5:5b,-77,-92,64,12:49:59,6.02
kcldevnet,6c:d6:e3:5d:a5:58,-76,-92,64,12:49:59,6.02
KINGSWAP,6c:d6:e3:05:49:dd,-69,-91,112,12:49:59,6.02
KINGSWAP,6c:d6:e3:62:41:dd,-60,-97,161,12:49:59,6.02
eduroam,6c:d6:e3:5c:8c:1f,-68,-97,44,12:49:59,6.02
PLOCAL,6c:d6:e3:64:54:fa,-90,-95,56,12:49:59,6.02
govroam,6c:d6:e3:63:28:1e,-63,-96,153,12:49:59,6.02
SLaMFT,6c:d6:e3:62:41:db,-60,-97,161,12:49:59,6.02
KINGSWAP,6c:d6:e3:5c:8c:1d,-67,-97,44,12:49:59,6.02
eduroam,6c:d6:e3:62:41:df,-61,-95,161,12:49:59,6.02
eduroam,6c:d6:e3:63:94:70,-56,-88,1,12:49:59,6.02
PLOCAL,6c:d6:e3:64:75:6a,-53,-94,132,12:49:59,6.02
kcldevnet,6c:d6:e3:64:75:68,-53,-94,132,12:49:59,6.02
The Cloud,6c:d6:e3:5c:8c:1c,-68,-97,44,12:49:59,6.02
kcldevnet,6c:d6:e3:05:49:d8,-69,-91,112,12:49:59,6.02
PLOCAL,6c:d6:e3:62:41:da,-60,-97,161,12:49:59,6.02
SLaMFT,6c:d6:e3:64:75:6b,-53,-94,132,12:49:59,6.02
govroam,6c:d6:e3:63:94:71,-56,-88,1,12:49:59,6.02
SLaMFT,6c:d6:e3:64:54:fb,-90,-95,56,12:49:59,6.02
eduroam,6c:d6:e3:63:94:7f,-71,-92,100,12:49:59,6.02
The Cloud,6c:d6:e3:05:49:dc,-69,-91,112,12:49:59,6.02
SLaMFT,6c:d6:e3:64:80:1b,-74,-97,161,12:49:59,6.02
eduroam,6c:d6:e3:64:80:1f,-74,-97,161,12:49:59,6.02
eduroam,6c:d6:e3:63:28:1f,-63,-96,153,12:49:59,6.02
PLOCAL,6c:d6:e3:63:28:1a,-63,-96,153,12:49:59,6.02
govroam,6c:d6:e3:64:75:6e,-53,-94,132,12:49:59,6.02
The Cloud,6c:d6:e3:63:94:73,-56,-88,1,12:49:59,6.02
The Cloud,6c:d6:e3:62:41:dc,-60,-97,161,12:49:59,6.02
govroam,6c:d6:e3:05:49:de,-69,-91,112,12:49:59,6.02
govroam,6c:d6:e3:5d:a5:5e,-77,-92,64,12:49:59,6.02
The Cloud,6c:d6:e3:5d:a5:5c,-77,-92,64,12:49:59,6.02
SLaMFT,6c:d6:e3:63:94:74,-55,-88,1,12:49:59,6.02
KINGSWAP,6c:d6:e3:63:8c:6d,-87,-97,44,12:49:59,6.02
SLaMFT,6c:d6:e3:5c:8c:1b,-68,-97,44,12:49:59,6.02
The Cloud,6c:d6:e3:64:75:6c,-56,-93,132,12:50:24,6.02
eduroam,6c:d6:e3:64:75:6f,-56,-93,132,12:50:24,6.02
kcldevnet,6c:d6:e3:64:80:18,-74,-95,161,12:50:24,6.02
SLaMFT,6c:d6:e3:63:28:1b,-61,-95,153,12:50:24,6.02
eduroam,6c:d6:e3:64:80:1f,-74,-95,161,12:50:24,6.02
PLOCAL,6c:d6:e3:64:75:65,-45,-90,11,12:50:24,6.02
kcldevnet,6c:d6:e3:5d:a5:58,-59,-95,64,12:50:24,6.02
PLOCAL,6c:d6:e3:63:28:1a,-61,-95,153,12:50:24,6.02
kcldevnet,6c:d6:e3:64:54:f8,-89,-95,56,12:50:24,6.02
kcldevnet,6c:d6:e3:63:28:18,-61,-95,153,12:50:24,6.02
KINGSWAP,6c:d6:e3:64:75:6d,-56,-93,132,12:50:24,6.02
eduroam,6c:d6:e3:63:94:70,-53,-90,1,12:50:24,6.02
The Cloud,6c:d6:e3:63:8c:6c,-89,-94,44,12:50:24,6.02
SLaMFT,6c:d6:e3:64:4d:4b,-66,-94,36,12:50:24,6.02
KINGSWAP,6c:d6:e3:62:41:dd,-56,-95,161,12:50:24,6.02
SLaMFT,6c:d6:e3:63:94:74,-53,-90,1,12:50:24,6.02
SLaMFT,6c:d6:e3:62:41:db,-56,-95,161,12:50:24,6.02
SLaMFT,6c:d6:e3:64:75:6b,-56,-93,132,12:50:24,6.02
KINGSWAP,6c:d6:e3:05:49:dd,-58,-93,112,12:50:24,6.02
KINGSWAP,6c:d6:e3:64:4d:4d,-66,-94,36,12:50:24,6.02
The Cloud,6c:d6:e3:62:41:dc,-57,-95,161,12:50:24,6.02
PLOCAL,6c:d6:e3:63:94:75,-53,-90,1,12:50:24,6.02
KINGSWAP,6c:d6:e3:63:28:1d,-61,-95,153,12:50:24,6.02
PLOCAL,6c:d6:e3:64:54:fa,-89,-95,56,12:50:24,6.02
PLOCAL,6c:d6:e3:64:75:6a,-56,-93,132,12:50:24,6.02
PLOCAL,6c:d6:e3:05:49:da,-58,-93,112,12:50:24,6.02
PLOCAL,6c:d6:e3:64:80:1a,-74,-95,161,12:50:24,6.02
eduroam,6c:d6:e3:63:8c:6f,-89,-94,44,12:50:24,6.02
KINGSWAP,6c:d6:e3:5d:a5:5d,-59,-95,64,12:50:24,6.02
The Cloud,6c:d6:e3:64:4d:4c,-66,-94,36,12:50:24,6.02
kcldevnet,6c:d6:e3:64:4d:48,-66,-94,36,12:50:24,6.02
govroam,6c:d6:e3:64:54:fe,-89,-95,56,12:50:24,6.02
govroam,6c:d6:e3:63:94:71,-53,-90,1,12:50:24,6.02
SLaMFT,6c:d6:e3:5c:8c:1b,-62,-94,44,12:50:24,6.02
SLaMFT,6c:d6:e3:64:54:fb,-89,-95,56,12:50:24,6.02
govroam,6c:d6:e3:62:41:de,-57,-95,161,12:50:24,6.02
SLaMFT,6c:d6:e3:63:8c:6b,-89,-94,44,12:50:24,6.02
kcldevnet,6c:d6:e3:64:75:68,-56,-93,132,12:50:24,6.02
The Cloud,6c:d6:e3:5d:a5:5c,-59,-95,64,12:50:24,6.02
govroam,6c:d6:e3:64:75:6e,-56,-93,132,12:50:24,6.02
PLOCAL,6c:d6:e3:64:4d:4a,-66,-94,36,12:50:24,6.02
The Cloud,6c:d6:e3:64:80:1c,-74,-95,161,12:50:24,6.02
eduroam,6c:d6:e3:63:94:7f,-67,-95,100,12:50:24,6.02
eduroam,6c:d6:e3:64:4d:4f,-66,-94,36,12:50:24,6.02
kcldevnet,6c:d6:e3:62:41:d8,-56,-95,161,12:50:24,6.02
eduroam,6c:d6:e3:62:41:df,-58,-95,161,12:50:24,6.02
PLOCAL,6c:d6:e3:63:8c:6a,-89,-94,44,12:50:24,6.02
SLaMFT,6c:d6:e3:05:49:db,-58,-93,112,12:50:24,6.02
SLaMFT,6c:d6:e3:5d:a5:5b,-59,-95,64,12:50:24,6.02
kcldevnet,6c:d6:e3:63:94:78,-67,-95,100,12:50:24,6.02
SLaMFT,6c:d6:e3:64:75:64,-46,-90,11,12:50:24,6.02
KINGSWAP,6c:d6:e3:63:8c:6d,-89,-94,44,12:50:24,6.02
PLOCAL,6c:d6:e3:62:41:da,-56,-95,161,12:50:24,6.02
govroam,6c:d6:e3:64:80:1e,-74,-95,161,12:50:24,6.02
KINGSWAP,6c:d6:e3:5c:8c:1d,-64,-94,44,12:50:24,6.02
eduroam,6c:d6:e3:64:75:60,-46,-90,11,12:50:24,6.02
The Cloud,6c:d6:e3:05:49:dc,-58,-93,112,12:50:24,6.02
SLaMFT,6c:d6:e3:64:80:1b,-74,-95,161,12:50:24,6.02
The Cloud,6c:d6:e3:63:94:73,-53,-90,1,12:50:24,6.02
govroam,6c:d6:e3:5d:a5:5e,-59,-95,64,12:50:24,6.02
The Cloud,6c:d6:e3:63:28:1c,-61,-95,153,12:50:24,6.02
The Cloud,6c:d6:e3:64:75:63,-46,-90,11,12:50:24,6.02
The Cloud,6c:d6:e3:5c:8c:1c,-64,-94,44,12:50:24,6.02
govroam,6c:d6:e3:5c:8c:1e,-64,-94,44,12:50:24,6.02
eduroam,6c:d6:e3:5c:8c:1f,-64,-94,44,12:50:24,6.02
kcldevnet,6c:d6:e3:05:49:d8,-57,-93,112,12:50:24,6.02
kcldevnet,6c:d6:e3:5c:8c:18,-64,-94,44,12:50:24,6.02
KINGSWAP,6c:d6:e3:63:94:7d,-67,-95,100,12:50:24,6.02
govroam,6c:d6:e3:05:49:de,-58,-93,112,12:50:24,6.02
SLaMFT,6c:d6:e3:63:94:7b,-67,-95,100,12:50:24,6.02
PLOCAL,6c:d6:e3:63:94:7a,-67,-95,100,12:50:24,6.02
kcldevnet,6c:d6:e3:63:8c:68,-89,-94,44,12:50:24,6.02
govroam,6c:d6:e3:63:8c:6e,-89,-94,44,12:50:24,6.02
govroam,6c:d6:e3:64:75:61,-46,-90,11,12:50:24,6.02
govroam,6c:d6:e3:64:4d:4e,-66,-94,36,12:50:24,6.02
eduroam,6c:d6:e3:05:49:df,-58,-93,112,12:50:24,6.02
govroam,6c:d6:e3:63:94:7e,-67,-95,100,12:50:24,6.02
KINGSWAP,6c:d6:e3:64:54:fd,-89,-95,56,12:50:24,6.02
PLOCAL,6c:d6:e3:5c:8c:1a,-64,-94,44,12:50:24,6.02
govroam,6c:d6:e3:63:28:1e,-61,-95,153,12:50:24,6.02
eduroam,6c:d6:e3:63:28:1f,-61,-95,153,12:50:24,6.02
The Cloud,6c:d6:e3:64:54:fc,-89,-95,56,12:50:24,6.02
The Cloud,6c:d6:e3:63:94:7c,-67,-95,100,12:50:24,6.02
KINGSWAP,6c:d6:e3:64:80:1d,-74,-95,161,12:50:24,6.02
PLOCAL,6c:d6:e3:5d:a5:5a,-59,-95,64,12:50:24,6.02
eduroam,6c:d6:e3:64:54:ff,-88,-95,56,12:50:24,6.02
eduroam,6c:d6:e3:5d:a5:5f,-59,-95,64,12:50:24,6.02
eduroam,6c:d6:e3:5d:a5:5f,-67,-93,64,12:51:04,6.02
govroam,6c:d6:e3:62:41:de,-52,-94,161,12:51:04,6.02
The Cloud,6c:d6:e3:64:75:6c,-57,-93,132,12:51:04,6.02
eduroam,6c:d6:e3:64:75:6f,-58,-93,132,12:51:04,6.02
govroam,6c:d6:e3:63:94:7e,-71,-93,100,12:51:04,6.02
kcldevnet,6c:d6:e3:5c:8c:18,-64,-92,44,12:51:04,6.02
SLaMFT,6c:d6:e3:63:28:1b,-67,-94,153,12:51:04,6.02
PLOCAL,6c:d6:e3:5d:a5:5a,-67,-93,64,12:51:04,6.02
PLOCAL,6c:d6:e3:64:80:1a,-79,-94,161,12:51:04,6.02
kcldevnet,6c:d6:e3:64:54:f8,-89,-93,56,12:51:04,6.02
KINGSWAP,6c:d6:e3:5d:a5:5d,-67,-93,64,12:51:04,6.02
eduroam,6c:d6:e3:05:49:df,-67,-93,112,12:51:04,6.02
KINGSWAP,6c:d6:e3:64:75:6d,-57,-93,132,12:51:04,6.02
kcldevnet,6c:d6:e3:62:41:d8,-52,-94,161,12:51:04,6.02
PLOCAL,6c:d6:e3:64:75:65,-44,-90,11,12:51:04,6.02
SLaMFT,6c:d6:e3:64:75:64,-44,-90,11,12:51:04,6.02
PLOCAL,6c:d6:e3:63:94:7a,-71,-93,100,12:51:04,6.02
KINGSWAP,6c:d6:e3:64:80:1d,-79,-94,161,12:51:04,6.02
PLOCAL,6c:d6:e3:05:49:da,-67,-93,112,12:51:04,6.02
The Cloud,6c:d6:e3:64:80:1c,-79,-94,161,12:51:04,6.02
kcldevnet,6c:d6:e3:63:28:18,-67,-94,153,12:51:04,6.02
The Cloud,6c:d6:e3:64:54:fc,-89,-93,56,12:51:04,6.02
KINGSWAP,6c:d6:e3:64:54:fd,-89,-93,56,12:51:04,6.02
The Cloud,6c:d6:e3:63:28:1c,-67,-94,153,12:51:04,6.02
PLOCAL,6c:d6:e3:63:94:75,-57,-90,1,12:51:04,6.02
SLaMFT,6c:d6:e3:05:49:db,-67,-93,112,12:51:04,6.02
SLaMFT,6c:d6:e3:63:94:7b,-71,-93,100,12:51:04,6.02
govroam,6c:d6:e3:5c:8c:1e,-64,-92,44,12:51:04,6.02
KINGSWAP,6c:d6:e3:63:28:1d,-67,-94,153,12:51:04,6.02
eduroam,6c:d6:e3:64:54:ff,-90,-93,56,12:51:04,6.02
govroam,6c:d6:e3:64:54:fe,-90,-93,56,12:51:04,6.02
The Cloud,6c:d6:e3:64:75:63,-44,-90,11,12:51:04,6.02
govroam,6c:d6:e3:64:75:61,-44,-90,11,12:51:04,6.02
kcldevnet,6c:d6:e3:63:94:78,-71,-93,100,12:51:04,6.02
govroam,6c:d6:e3:64:80:1e,-79,-94,161,12:51:04,6.02
eduroam,6c:d6:e3:64:4d:4f,-72,-93,36,12:51:04,6.02
KINGSWAP,6c:d6:e3:63:94:7d,-71,-93,100,12:51:04,6.02
The Cloud,6c:d6:e3:63:94:7c,-71,-93,100,12:51:04,6.02
PLOCAL,6c:d6:e3:5c:8c:1a,-64,-92,44,12:51:04,6.02
SLaMFT,6c:d6:e3:5d:a5:5b,-67,-93,64,12:51:04,6.02
kcldevnet,6c:d6:e3:5d:a5:58,-67,-93,64,12:51:04,6.02
KINGSWAP,6c:d6:e3:05:49:dd,-67,-93,112,12:51:04,6.02
KINGSWAP,6c:d6:e3:62:41:dd,-52,-94,161,12:51:04,6.02
eduroam,6c:d6:e3:5c:8c:1f,-64,-93,44,12:51:04,6.02
PLOCAL,6c:d6:e3:64:54:fa,-89,-93,56,12:51:04,6.02
SLaMFT,6c:d6:e3:62:41:db,-52,-94,161,12:51:04,6.02
govroam,6c:d6:e3:63:28:1e,-67,-94,153,12:51:04,6.02
KINGSWAP,6c:d6:e3:5c:8c:1d,-64,-92,44,12:51:04,6.02
eduroam,6c:d6:e3:62:41:df,-52,-94,161,12:51:04,6.02
eduroam,6c:d6:e3:63:94:70,-57,-90,1,12:51:04,6.02
PLOCAL,6c:d6:e3:64:75:6a,-57,-93,132,12:51:04,6.02
kcldevnet,6c:d6:e3:64:75:68,-57,-93,132,12:51:04,6.02
The Cloud,6c:d6:e3:5c:8c:1c,-64,-92,44,12:51:04,6.02
kcldevnet,6c:d6:e3:05:49:d8,-67,-93,112,12:51:04,6.02
PLOCAL,6c:d6:e3:62:41:da,-51,-94,161,12:51:04,6.02
SLaMFT,6c:d6:e3:64:75:6b,-57,-93,132,12:51:04,6.02
govroam,6c:d6:e3:63:94:71,-57,-90,1,12:51:04,6.02
SLaMFT,6c:d6:e3:64:54:fb,-90,-93,56,12:51:04,6.02
govroam,6c:d6:e3:64:4d:4e,-72,-93,36,12:51:04,6.02
eduroam,6c:d6:e3:63:94:7f,-71,-93,100,12:51:04,6.02
SLaMFT,6c:d6:e3:64:80:1b,-79,-94,161,12:51:04,6.02
The Cloud,6c:d6:e3:05:49:dc,-67,-93,112,12:51:04,6.02
eduroam,6c:d6:e3:64:80:1f,-79,-94,161,12:51:04,6.02
eduroam,6c:d6:e3:63:28:1f,-67,-94,153,12:51:04,6.02
PLOCAL,6c:d6:e3:63:28:1a,-67,-94,153,12:51:04,6.02
govroam,6c:d6:e3:64:75:6e,-57,-93,132,12:51:04,6.02
The Cloud,6c:d6:e3:63:94:73,-57,-90,1,12:51:04,6.02
The Cloud,6c:d6:e3:62:41:dc,-52,-94,161,12:51:04,6.02
govroam,6c:d6:e3:05:49:de,-67,-93,112,12:51:04,6.02
govroam,6c:d6:e3:5d:a5:5e,-67,-93,64,12:51:04,6.02
The Cloud,6c:d6:e3:5d:a5:5c,-67,-93,64,12:51:04,6.02
SLaMFT,6c:d6:e3:63:94:74,-57,-90,1,12:51:04,6.02
KINGSWAP,6c:d6:e3:64:4d:4d,-72,-93,36,12:51:04,6.02
eduroam,6c:d6:e3:64:75:60,-44,-90,11,12:51:04,6.02
SLaMFT,6c:d6:e3:5c:8c:1b,-64,-92,44,12:51:04,6.02
eduroam,6c:d6:e3:5d:a5:5f,-58,-95,64,13:06:42,6.03
The Cloud,6c:d6:e3:64:75:6c,-73,-93,132,13:06:42,6.03
eduroam,6c:d6:e3:64:75:6f,-73,-93,132,13:06:42,6.03
kcldevnet,6c:d6:e3:64:80:18,-57,-96,161,13:06:42,6.03
SLaMFT,6c:d6:e3:63:28:1b,-66,-96,153,13:06:42,6.03
eduroam,6c:d6:e3:64:80:1f,-57,-96,161,13:06:42,6.03
PLOCAL,6c:d6:e3:64:75:65,-57,-90,11,13:06:42,6.03
kcldevnet,6c:d6:e3:5d:a5:58,-58,-95,64,13:06:42,6.03
PLOCAL,6c:d6:e3:63:28:1a,-66,-96,153,13:06:42,6.03
kcldevnet,6c:d6:e3:64:0a:b8,-88,-95,100,13:06:42,6.03
SLaMFT,6c:d6:e3:64:54:f4,-70,-90,11,13:06:42,6.03
govroam,6c:d6:e3:5b:63:51,-87,-90,11,13:06:42,6.03
kcldevnet,6c:d6:e3:64:54:f8,-79,-96,56,13:06:42,6.03
kcldevnet,6c:d6:e3:63:28:18,-66,-96,153,13:06:42,6.03
eduroam,6c:d6:e3:63:94:70,-53,-90,1,13:06:42,6.03
The Cloud,6c:d6:e3:5b:63:54,-87,-90,11,13:06:42,6.03
The Cloud,6c:d6:e3:63:8c:6c,-86,-94,44,13:06:42,6.03
KINGSWAP,6c:d6:e3:64:75:6d,-73,-93,132,13:06:42,6.03
SLaMFT,6c:d6:e3:64:4d:4b,-72,-94,36,13:06:42,6.03
KINGSWAP,6c:d6:e3:62:41:dd,-78,-96,161,13:06:42,6.03
SLaMFT,6c:d6:e3:63:94:74,-53,-90,1,13:06:42,6.03
SLaMFT,6c:d6:e3:62:41:db,-78,-96,161,13:06:42,6.03
SLaMFT,6c:d6:e3:64:75:6b,-73,-93,132,13:06:42,6.03
KINGSWAP,6c:d6:e3:05:49:dd,-66,-94,112,13:06:42,6.03
KINGSWAP,6c:d6:e3:64:4d:4d,-72,-94,36,13:06:42,6.03
eduroam,6c:d6:e3:64:0a:bf,-88,-95,100,13:06:42,6.03
The Cloud,6c:d6:e3:62:41:dc,-78,-96,161,13:06:42,6.03
PLOCAL,6c:d6:e3:63:94:75,-53,-90,1,13:06:42,6.03
KINGSWAP,6c:d6:e3:63:28:1d,-66,-96,153,13:06:42,6.03
PLOCAL,6c:d6:e3:64:54:fa,-79,-96,56,13:06:42,6.03
PLOCAL,6c:d6:e3:64:75:6a,-73,-93,132,13:06:42,6.03
PLOCAL,6c:d6:e3:05:49:da,-66,-94,112,13:06:42,6.03
govroam,6c:d6:e3:64:0a:be,-88,-95,100,13:06:42,6.03
PLOCAL,6c:d6:e3:64:80:1a,-57,-96,161,13:06:42,6.03
eduroam,6c:d6:e3:63:8c:6f,-86,-94,44,13:06:42,6.03
KINGSWAP,6c:d6:e3:5d:a5:5d,-58,-95,64,13:06:42,6.03
The Cloud,6c:d6:e3:64:4d:4c,-72,-94,36,13:06:42,6.03
kcldevnet,6c:d6:e3:64:4d:48,-72,-94,36,13:06:42,6.03
govroam,6c:d6:e3:64:54:fe,-79,-96,56,13:06:42,6.03
The Cloud,6c:d6:e3:64:0a:bc,-88,-95,100,13:06:42,6.03
govroam,6c:d6:e3:63:94:71,-53,-90,1,13:06:42,6.03
SLaMFT,6c:d6:e3:5c:8c:1b,-70,-94,44,13:06:42,6.03
SLaMFT,6c:d6:e3:64:54:fb,-79,-96,56,13:06:42,6.03
govroam,6c:d6:e3:62:41:de,-78,-96,161,13:06:42,6.03
SLaMFT,6c:d6:e3:63:8c:6b,-86,-94,44,13:06:42,6.03
PLOCAL,6c:d6:e3:5b:b6:ca,-85,-94,149,13:06:42,6.03
kcldevnet,6c:d6:e3:5b:b6:c8,-85,-94,149,13:06:42,6.03
govroam,6c:d6:e3:5b:b6:ce,-85,-94,149,13:06:42,6.03
PLOCAL,6c:d6:e3:64:0a:ba,-88,-95,100,13:06:42,6.03
The Cloud,6c:d6:e3:5d:a5:5c,-58,-95,64,13:06:42,6.03
kcldevnet,6c:d6:e3:64:75:68,-73,-93,132,13:06:42,6.03
govroam,6c:d6:e3:64:75:6e,-73,-93,132,13:06:42,6.03
PLOCAL,6c:d6:e3:64:4d:4a,-72,-94,36,13:06:42,6.03
The Cloud,6c:d6:e3:64:80:1c,-57,-96,161,13:06:42,6.03
eduroam,6c:d6:e3:5b:b6:cf,-85,-94,149,13:06:42,6.03
eduroam,6c:d6:e3:63:94:7f,-69,-95,100,13:06:42,6.03
eduroam,6c:d6:e3:64:4d:4f,-73,-94,36,13:06:42,6.03
kcldevnet,6c:d6:e3:62:41:d8,-77,-96,161,13:06:42,6.03
eduroam,6c:d6:e3:62:41:df,-78,-96,161,13:06:42,6.03
PLOCAL,6c:d6:e3:63:8c:6a,-85,-94,44,13:06:42,6.03
SLaMFT,6c:d6:e3:05:49:db,-66,-94,112,13:06:42,6.03
kcldevnet,6c:d6:e3:63:94:78,-69,-95,100,13:06:42,6.03
SLaMFT,6c:d6:e3:64:75:64,-57,-90,11,13:06:42,6.03
KINGSWAP,6c:d6:e3:63:8c:6d,-86,-94,44,13:06:42,6.03
PLOCAL,6c:d6:e3:64:18:6a,-88,-96,56,13:06:42,6.03
PLOCAL,6c:d6:e3:62:41:da,-78,-96,161,13:06:42,6.03
KINGSWAP,6c:d6:e3:5b:b6:cd,-85,-94,149,13:06:42,6.03
govroam,6c:d6:e3:64:80:1e,-57,-96,161,13:06:42,6.03
The Cloud,6c:d6:e3:64:54:f3,-70,-90,11,13:06:42,6.03
SLaMFT,6c:d6:e3:64:18:6b,-88,-96,56,13:06:42,6.03
KINGSWAP,6c:d6:e3:5c:8c:1d,-70,-94,44,13:06:42,6.03
SLaMFT,6c:d6:e3:64:80:1b,-57,-96,161,13:06:42,6.03
SLaMFT,6c:d6:e3:64:0a:bb,-88,-95,100,13:06:42,6.03
The Cloud,6c:d6:e3:63:94:73,-53,-90,1,13:06:42,6.03
eduroam,6c:d6:e3:64:75:60,-57,-90,11,13:06:42,6.03
The Cloud,6c:d6:e3:05:49:dc,-66,-94,112,13:06:42,6.03
The Cloud,6c:d6:e3:63:28:1c,-66,-96,153,13:06:42,6.03
The Cloud,6c:d6:e3:64:75:63,-57,-90,11,13:06:42,6.03
govroam,6c:d6:e3:5d:a5:5e,-58,-95,64,13:06:42,6.03
The Cloud,6c:d6:e3:5c:8c:1c,-70,-94,44,13:06:42,6.03
govroam,6c:d6:e3:5c:8c:1e,-70,-94,44,13:06:42,6.03
eduroam,6c:d6:e3:5c:8c:1f,-70,-94,44,13:06:42,6.03
kcldevnet,6c:d6:e3:05:49:d8,-66,-94,112,13:06:42,6.03
SLaMFT,6c:d6:e3:5b:b6:cb,-85,-94,149,13:06:42,6.03
kcldevnet,6c:d6:e3:5c:8c:18,-70,-94,44,13:06:42,6.03
The Cloud,6c:d6:e3:5b:b6:cc,-85,-94,149,13:06:42,6.03
kcldevnet,6c:d6:e3:64:18:68,-88,-96,56,13:06:42,6.03
KINGSWAP,6c:d6:e3:63:94:7d,-69,-95,100,13:06:42,6.03
govroam,6c:d6:e3:05:49:de,-66,-94,112,13:06:42,6.03
SLaMFT,6c:d6:e3:63:94:7b,-69,-95,100,13:06:42,6.03
PLOCAL,6c:d6:e3:63:94:7a,-69,-95,100,13:06:42,6.03
kcldevnet,6c:d6:e3:63:8c:68,-86,-94,44,13:06:42,6.03
govroam,6c:d6:e3:63:8c:6e,-85,-94,44,13:06:42,6.03
govroam,6c:d6:e3:64:75:61,-57,-90,11,13:06:42,6.03
govroam,6c:d6:e3:64:4d:4e,-72,-94,36,13:06:42,6.03
PLOCAL,6c:d6:e3:64:54:f5,-70,-90,11,13:06:42,6.03
eduroam,6c:d6:e3:05:49:df,-66,-94,112,13:06:42,6.03
KINGSWAP,6c:d6:e3:64:0a:bd,-87,-95,100,13:06:42,6.03
govroam,6c:d6:e3:63:94:7e,-69,-95,100,13:06:42,6.03
KINGSWAP,6c:d6:e3:64:54:fd,-80,-96,56,13:06:42,6.03
PLOCAL,6c:d6:e3:5c:8c:1a,-70,-94,44,13:06:42,6.03
govroam,6c:d6:e3:63:28:1e,-66,-96,153,13:06:42,6.03
eduroam,6c:d6:e3:63:28:1f,-66,-96,153,13:06:42,6.03
eduroam,6c:d6:e3:64:54:f0,-70,-90,11,13:06:42,6.03
The Cloud,6c:d6:e3:64:54:fc,-79,-96,56,13:06:42,6.03
The Cloud,6c:d6:e3:63:94:7c,-69,-95,100,13:06:42,6.03
KINGSWAP,6c:d6:e3:64:80:1d,-57,-96,161,13:06:42,6.03
eduroam,6c:d6:e3:64:54:ff,-80,-96,56,13:06:42,6.03
govroam,6c:d6:e3:64:54:f1,-70,-90,11,13:06:42,6.03
